routine_name,routine_type
assign_public_property_numbers,FUNCTION
compute_property_registration_confidence_v2,FUNCTION
compute_property_registration_identity_key,FUNCTION
compute_property_registration_identity_key_v2,FUNCTION
enforce_staff_property_update,FUNCTION
extract_property_ho_key_v2,FUNCTION
normalize_property_floor_key,FUNCTION
normalize_property_floor_key_v2,FUNCTION
sync_properties_identity_key,FUNCTION
sync_properties_identity_key_v2,FUNCTION
touch_property_photos_updated_at,FUNCTION